index,source,source link,hosted link,screenshot link
1,Comments or Posts with powerful Christian auras,https://www.facebook.com/powerfulchristianauras/photos/a.120890682718586/185863132888007/?type=3&theater,,
2,comments or Posts with powerful Christian auras,https://www.facebook.com/powerfulchristianauras/photos/p.185935232880797/185935232880797/?type=3&theater,,
3,comments or Posts with powerful Christian auras,https://www.facebook.com/CloudsAreRiddles/photos/p.1090972551303743/1090972551303743/?type=3&theater,,
4,comments or Posts with powerful Christian auras,https://www.facebook.com/photo.php?fbid=3109068865815768&set=p.3109068865815768&type=3&theater,,
5,comments or Posts with powerful Christian auras,https://www.facebook.com/photo.php?fbid=3109067709149217&set=p.3109067709149217&type=3&theater,,
6,comments or Posts with powerful Christian auras,https://www.facebook.com/photo.php?fbid=158601749139498&set=p.158601749139498&type=3&theater,,
7,Now Dis,https://www.facebook.com/NOWdisX/photos/a.1977429268980445/3486701954719828/?type=3&theater,,
8,MPPintarich,https://twitter.com/MPPintarich/status/1290975917280333824,,
9,cbrbuck2,https://twitter.com/cbrbuck2/status/1291008734215380992,,
10,Ben09h,https://twitter.com/Ben09h/status/1290749936389120002,,
11,almodozo,https://twitter.com/almodozo/status/1290694206214856705/photo/1,,
12,jellesteeg,https://twitter.com/jellesteeg/status/1290725934694268929,,
13,SteveHayward,https://twitter.com/SteveHayward/status/1290737490660167680,,
14,YuriDunkavic,https://twitter.com/YuriDunkavic/status/1290734965345353730,,
,,,,
,,,,
15,YuriDunkavic,https://twitter.com/YuriDunkavic/status/1290735777052332033,,
,,,,
,,,,
16,timmerenginerd,https://twitter.com/timmerenginerd/status/1290776338320760833,,
,,,,
,,,,
17,AhmVaryHungary,https://twitter.com/AhmVaryHungry/status/1290747187836715011,,
18,Cypto_Jerm,https://twitter.com/Crypto_Jerm/status/1290748646926045184/photo/1,,
19,RealSamBarak,https://twitter.com/RealSamBarak/status/1290790704181018627/photo/1,,
20,OhHePopular,https://twitter.com/OhHePopular/status/1290747296871849984,,
21,imranarainppp,https://twitter.com/imranarainppp/status/1290729309301350400,,
22,rajaforu,https://twitter.com/rajaforu/status/1290733368938835973,,
23,rajaforu,https://twitter.com/rajaforu/status/1290734571558969345,,
24,EpicKyiv,https://twitter.com/EpicKyiv/status/1290739480232701953,,
25,mr.okboomer,https://www.tiktok.com/@mr.okboomer/video/6857225001129610501?_d=secCgsIARCbDRgBIAIoARI%2BCjy%2B5fVotf7Ia0ZPUPZd%2Bt%2B4eIkYj2Aq06xSaI2wH7lq1FjS1SfjdcibyHO5MmgWywh4s57bJagaC3jkfykaAA%3D%3D&language=en&preview_pb=0&share_item_id=6857225001129610501&timestamp=1596643230&tt_from=copy&u_code=d79md12b8d2dde&user_id=6715385249054934021&utm_campaign=client_share&utm_medium=ios&utm_source=copy&source=h5_m,,
26,logantheempress.javier,https://www.tiktok.com/@logantheempress.javier/video/6857341498799738118?_d=secCgsIARCbDRgBIAIoARI%2BCjzh%2FdAclgoiD4L%2BaY4KuxhQdVFsi9fe5kJ%2F4ap7G6eP19ch0N6vY9B6gG%2FfmPxfx1MsqxpyQFeswwF%2FGnIaAA%3D%3D&language=en&preview_pb=0&share_item_id=6857341498799738118&timestamp=1596643441&tt_from=copy&u_code=d79md12b8d2dde&user_id=6715385249054934021&utm_campaign=client_share&utm_medium=ios&utm_source=copy&source=h5_m,,
27,pragmaticideals,https://www.tiktok.com/@pragmaticideals/video/6857225953815366918?_d=secCgsIARCbDRgBIAIoARI%2BCjy8dPPy2AGcqbb96VayGJfjq3Gg%2BwmwqPb9Y3pUzpPNDdbGAs5ZaeN9c1YpqH%2BxmfONcTTZVQGqYdDDc04aAA%3D%3D&language=en&preview_pb=0&share_item_id=6857225953815366918&timestamp=1596643616&tt_from=copy&u_code=d79md12b8d2dde&user_id=6715385249054934021&utm_campaign=client_share&utm_medium=ios&utm_source=copy&source=h5_m,,
28,winniehurd,https://www.tiktok.com/@winniehurd/video/6857367638922775814?_d=secCgsIARCbDRgBIAIoARI%2BCjxC42pRm%2FYh%2BKLzdUEYyrV32iKf1%2FERZUDWISO%2FH1yzpGjWAdohSZv8aAbQeGm5BT6cYyDEC4o5TXePw7UaAA%3D%3D&language=en&preview_pb=0&share_item_id=6857367638922775814&timestamp=1596643771&tt_from=copy&u_code=d79md12b8d2dde&user_id=6715385249054934021&utm_campaign=client_share&utm_medium=ios&utm_source=copy&source=h5_m,,
29,victoriahammett,https://www.tiktok.com/@victoriahammett/video/6857215441119563014?_d=secCgsIARCbDRgBIAIoARI%2BCjxAv2vUTPWHZYT3icrWNxP9tA17YPCTZ4ernTzV3lDkTf0APo6Li6wvVQnfnFvXD%2FErPbtqUBsLtieYCScaAA%3D%3D&language=en&preview_pb=0&share_item_id=6857215441119563014&timestamp=1596643968&tt_from=copy&u_code=d79md12b8d2dde&user_id=6715385249054934021&utm_campaign=client_share&utm_medium=ios&utm_source=copy&source=h5_m,,
30,tallskinnyali,https://www.tiktok.com/@tallskinnyali/video/6857229187330133253?_d=secCgsIARCbDRgBIAIoARI%2BCjzTi85BxXX%2BjFAyWWBEpAmPgEP%2BmyEG1nXWdHFGDAQrq8yqev9Y9PayL%2FEvDkpHWsB19Zf7SU4katJqpt0aAA%3D%3D&language=en&preview_pb=0&share_item_id=6857229187330133253&timestamp=1596644162&tt_from=copy&u_code=d79md12b8d2dde&user_id=6715385249054934021&utm_campaign=client_share&utm_medium=ios&utm_source=copy&source=h5_m,,
31,fatraco0n,https://www.tiktok.com/@fatraco0n/video/6857283891431083269?_d=secCgsIARCbDRgBIAIoARI%2BCjxVS2nJeGTcgPPU1V1HfYI5hLQA1174azrIzA5AW97ygJIzk5V5FTD3gdoFvW33yNI27XvY8vFV0%2BN5BbwaAA%3D%3D&language=en&preview_pb=0&share_item_id=6857283891431083269&timestamp=1596644332&tt_from=copy&u_code=d79md12b8d2dde&user_id=6715385249054934021&utm_campaign=client_share&utm_medium=ios&utm_source=copy&source=h5_m,,
32,r/conspiracy,https://www.reddit.com/r/conspiracy/comments/i3ylao/significance_of_the_33rd_parallel_latitude_beirut/,,
33,r/conspiracy,https://www.reddit.com/r/conspiracy/comments/i3s2bp/a_freeze_frame_of_one_of_the_buildings_near_the/,,
34,aminaibrahim82leb,https://www.tiktok.com/@aminaibrahim82leb/video/6857194699426516225?_d=secCgsIARCbDRgBIAIoARI%2BCjydneQPUfczlRRfM8ZJqiHmBbDHaXzDpsCgB0pwOWddihaG0ovMdxkjxvpzQC5alsehzabkM41IYxjO9SUaAA%3D%3D&language=en&preview_pb=0&share_item_id=6857194699426516225&timestamp=1596641191&tt_from=sms&u_code=d8286ce87dcd85&user_id=6730038527784256517&utm_campaign=client_share&utm_medium=ios&utm_source=sms&source=h5_m,,
35,roni.jurdi,https://www.tiktok.com/@roni.jurdi/video/6857205966048447745?_d=secCgsIARCbDRgBIAIoARI%2BCjxZdiW89AHLBnjGy6KfJoDgj%2BLt8eOiYgGngl47ltT%2BNMRrF4zKeQrt2WWXvCYZ04%2B9RcffYgRkqnmNs5EaAA%3D%3D&language=en&preview_pb=0&share_item_id=6857205966048447745&timestamp=1596641132&tt_from=sms&u_code=d8286ce87dcd85&user_id=6730038527784256517&utm_campaign=client_share&utm_medium=ios&utm_source=sms&source=h5_m,,
36,r/CatastrophicFailure,https://www.reddit.com/r/CatastrophicFailure/comments/i41wzs/842020_beirut_storage_before_the_blast/,,
37,r/CatastrophicFailure,https://www.reddit.com/r/CatastrophicFailure/comments/i475zn/beirut_blast_20200804_back_to_the_beginning/,,
38,hahussain,https://twitter.com/hahussain/status/1290818045280223232,,
39,T__Mhmmd,https://twitter.com/T_Mhmmd/status/1291050487501008896,,
40,michelarached,https://twitter.com/michelarached/status/1290982959391154176,,
41,Alshaikh2,https://twitter.com/Alshaikh2/status/1290749036438355976,,
42,AmaniEmo01,https://twitter.com/AmaniEmo01/status/1290758977261838337,,
43,hawaweey1,https://twitter.com/hawaweey1/status/1291000227487518720/photo/1,,
44,faisal_mashari,https://twitter.com/faisal_mashari/status/1290755486535622657,,
45,Fungynasr,https://twitter.com/Fungynasr/status/1290931185393205248,,
46,farahhanna18,https://twitter.com/farahhanna18/status/1290928380985171969,,
47,Hyderzaidi6,https://twitter.com/Hyderzaidi6/status/1290927808710160384,,
,,,,
,,,,
48,vulnerable29,https://twitter.com/vulnerable29/status/1290765510997671937,,
49,ALMURAQB,https://twitter.com/ALMURAQB_ASSAD/status/1290776335766425600,,
50,Sosnovka,https://twitter.com/Sosnovka11/status/1290788582840508417,,
,,,,
,,,,
,,,,
51,shamrkw,https://twitter.com/shamrkw/status/1290871537797603328,,
52,meshhek,https://twitter.com/meshhek/status/1290998688874201091,,
53,hamadan_alaly,https://twitter.com/hamdan_alaly/status/1291019233023926273,,
,,,,
,,,,
,,,,
54,abdulaziz,https://twitter.com/abdulaziz_1963/status/1291049383711125504,,
55,s_hm2030,https://twitter.com/s_hm2030/status/1291008875936841728,,
,,,,
,,,,
,,,,
56,mjmj101,https://twitter.com/mjmj101/status/1291009582605770752,,
57,llaasda0,https://twitter.com/llaasda0/status/1291017581793611779,,
,,,,
58,w5qBiVjsOz0DmlV,https://twitter.com/w5qBiVjsOz0DmlV/status/1291039355864309760,,
59,hasan78946315,https://twitter.com/hasan78946315/status/1291048515360169985,,
60,abasetq,https://twitter.com/abasetq/status/1290998553033269249,,
61,veteranstoday,https://twitter.com/veteranstoday/status/1290967269837803521,,
62,viblico,https://twitter.com/viblico/status/1291031068343246854,,
63,daliaabodahab,https://twitter.com/daliaabodahab/status/1290744968311705600,,
64,Jdoaim,https://twitter.com/JDoaim/status/1290749917221322752,,
,,,,
65,Azyz_Hum,https://twitter.com/Azyz_Hum/status/1290787934505963520,,
,,,,
66,Omar_Madaniah,https://twitter.com/Omar_Madaniah/status/1290759005644697601,,
67,iamShariqkhan,https://twitter.com/iamShariqkhan/status/1290822351609831424,,
68,Jfk911L,https://twitter.com/Jfk911L/status/1290790630252322817/photo/1,,
69,adobencha,https://twitter.com/adobencha/status/1290791784662970368,,
70,sahouraxo,https://twitter.com/sahouraxo/status/1290787258568593408,,
,,,,
71,JahidRahman,https://twitter.com/JahidRahman/status/1290791397017059328,,
72,shadowkiller469,https://twitter.com/shadowkiller469/status/1290802565177720832,,
73,Woke_Contrarian,https://twitter.com/Woke_Contrarian/status/1290826699962081282,,
74,nobodydied4you,https://twitter.com/nobodydied4you/status/1290794817061105666,,
75,nobodydied4you,https://twitter.com/nobodydied4you/status/1290806724732084226,,
76,mazharjasani,https://twitter.com/mazharjasani/status/1290751813746978816,,
77,JeonggukJeon,https://twitter.com/JeonggukJeon__/status/1290689717227282434,,
78,AnaLebnaniyii,https://twitter.com/AnaLebnaniyii/status/1290691080170745861,,
,,,,
,,,,
,,,,
,,,,
,,,,
,,,,
,,,,
,,,,
,,,,
,,,,
,,,,
,,,,
,,,,
,,,,
,,,,
,,,,
,,,,
,,,,
,,,,
,,,,
,,,,
,,,,
,,,,
,,,,
,,,,
,,,,
,,,,
,,,,
,,,,
,,,,
,,,,
,,,,
,,,,
,,,,
,,,,
,,,,
,,,,
,,,,
,,,,
,,,,
,,,,
,,,,
,,,,
,,,,
,,,,
,,,,
,,,,
,,,,
,,,,
,,,,
,,,,
,,,,
,,,,
,,,,
,,,,
,,,,
,,,,
,,,,
,,,,
,,,,
,,,,
,brought to you by memetic influence,,,
,datasets@memeticinfluence.com,,,